{
  "property": "homo",
  "paper_MAE": 0.0952,
  "MAE": 0.00172009200117167,
  "MSE": 7.658373667294401e-06,
  "RMSE": 0.0027673766760768943,
  "R2": 0.9839418616338751
}