{
  "property": "U",
  "paper_MAE": 0.0582,
  "MAE": 0.4415373561734098,
  "MSE": 0.4849198140132546,
  "RMSE": 0.6963618412960711,
  "R2": 0.999695845531912
}