property,paper_MAE,MAE,MSE,RMSE,R2
U0,0.0573,0.3297649575808354,0.2834161679467891,0.5323684513067891,0.9998222358403501
U,0.0582,0.4415373561734098,0.4849198140132546,0.6963618412960711,0.999695845531912
H,0.0575,0.2924684769585688,0.20513803281583076,0.45292166300126424,0.9998713320275731
G,0.0562,0.32071975075430154,0.24063312903279538,0.49054370756620186,0.9998490739639837
Cv,0.1223,0.126866856005802,0.030619122122914014,0.17498320525957345,0.9981365858604271
homo,0.0952,0.0029858678108448,1.7011742315247425e-05,0.004124529344694668,0.9643296444108328
gap,0.1369,0.004621034172030324,4.047094479321159e-05,0.0063616778284672345,0.981784627344781
mu,0.523,0.4133896617811527,0.33641872417837826,0.5800161413084797,0.8360748956192519
alpha,0.3095,0.367640573094625,0.27825199483100826,0.527495966649043,0.9958071010939764
