{
  "property": "U",
  "paper_MAE": 0.0582,
  "MAE": 0.1513611857612654,
  "MSE": 0.04621226357531702,
  "RMSE": 0.21497037836715321,
  "R2": 0.9999710144522028
}