{
  "property": "U0",
  "paper_MAE": 0.0573,
  "MAE": 0.15742990787248007,
  "MSE": 0.04886276718245129,
  "RMSE": 0.22104924153330924,
  "R2": 0.9999693523174444
}