{
  "property": "Cv",
  "paper_MAE": 0.1223,
  "MAE": 0.07983994188073729,
  "MSE": 0.013716816585552098,
  "RMSE": 0.11711881396920008,
  "R2": 0.9991652239449309
}