property,MAE,MSE,RMSE,R2
U0,0.5515376074876678,0.5367109268450545,0.7326055738561197,0.9996633644171513
U,0.551490314533839,0.5366132959957894,0.7325389382113345,0.9996634220196907
H,0.5515441062089091,0.5367326660166483,0.7326204105924488,0.999663347147656
G,0.5515444713423199,0.5367063967312258,0.732602482067339,0.9996633756570061
Cv,0.2048672340443346,0.07379978841914468,0.27166116472389773,0.9955087030684394
homo,0.0037434238996102618,2.415231375462228e-05,0.004914500356559381,0.9493572378441013
gap,0.006132793040863639,6.418273092211861e-05,0.008011412542249876,0.9711123037094963
mu,0.43960051698769037,0.3887705620749867,0.6235146847308303,0.810565671919874
alpha,0.5370818825986631,0.5199368434877812,0.7210664626009042,0.9921652219471588
