{
  "property": "mu",
  "paper_MAE": 0.523,
  "MAE": 0.4021923820569492,
  "MSE": 0.31661990426123054,
  "RMSE": 0.5626898828495414,
  "R2": 0.8457221696509233
}