{
  "property": "gap",
  "paper_MAE": 0.1369,
  "MAE": 0.002695282325739425,
  "MSE": 1.755115635698046e-05,
  "RMSE": 0.004189410024929579,
  "R2": 0.9921004845524131
}