{
  "property": "gap",
  "paper_MAE": 0.1369,
  "MAE": 0.003960384326868242,
  "MSE": 2.9142049595960226e-05,
  "RMSE": 0.005398337669686866,
  "R2": 0.9868835952301185
}