{
  "property": "H",
  "paper_MAE": 0.0575,
  "MAE": 0.16792213042731474,
  "MSE": 0.051567420781116306,
  "RMSE": 0.22708461150222467,
  "R2": 0.99996765555668
}