{
  "property": "Cv",
  "paper_MAE": 0.1223,
  "MAE": 0.10982286749849672,
  "MSE": 0.02304000774042852,
  "RMSE": 0.15178935318535525,
  "R2": 0.9985978345157305
}