property,paper_MAE,MAE,MSE,RMSE,R2
U0,0.0573,0.19376396947064692,0.07008791901794671,0.26474123029469115,0.9999560394873868
U,0.0582,0.22890897801436974,0.09861349358582493,0.3140278547928908,0.9999381470217938
H,0.0575,0.16792213042731474,0.051567420781116306,0.22708461150222467,0.99996765555668
G,0.0562,0.17776242800357214,0.05592879947577109,0.23649270491025953,0.9999649212390748
Cv,0.1223,0.07983994188073729,0.013716816585552098,0.11711881396920008,0.9991652239449309
homo,0.0952,0.00172009200117167,7.658373667294401e-06,0.0027673766760768943,0.9839418616338751
gap,0.1369,0.002695282325739425,1.755115635698046e-05,0.004189410024929579,0.9921004845524131
mu,0.523,0.19618668714120896,0.12300564821892901,0.35072161070987484,0.9400636401170758
alpha,0.3095,0.18496735207766202,0.07984052484139006,0.2825606569241197,0.9987969062019946
