{
  "property": "U0",
  "paper_MAE": 0.0573,
  "MAE": 0.3297649575808354,
  "MSE": 0.2834161679467891,
  "RMSE": 0.5323684513067891,
  "R2": 0.9998222358403501
}