{
  "property": "alpha",
  "paper_MAE": 0.3095,
  "MAE": 0.18496735207766202,
  "MSE": 0.07984052484139006,
  "RMSE": 0.2825606569241197,
  "R2": 0.9987969062019946
}