{
  "property": "gap",
  "paper_MAE": 0.1369,
  "MAE": 0.004621034172030324,
  "MSE": 4.047094479321159e-05,
  "RMSE": 0.0063616778284672345,
  "R2": 0.981784627344781
}