{
  "property": "mu",
  "paper_MAE": 0.523,
  "MAE": 0.19618668714120896,
  "MSE": 0.12300564821892901,
  "RMSE": 0.35072161070987484,
  "R2": 0.9400636401170758
}