{
  "property": "H",
  "paper_MAE": 0.0575,
  "MAE": 0.16074430657274172,
  "MSE": 0.06450884830942268,
  "RMSE": 0.2539859214787754,
  "R2": 0.9999595383527782
}