{
  "property": "homo",
  "paper_MAE": 0.0952,
  "MAE": 0.0029858678108448,
  "MSE": 1.7011742315247425e-05,
  "RMSE": 0.004124529344694668,
  "R2": 0.9643296444108328
}