{
  "property": "H",
  "paper_MAE": 0.0575,
  "MAE": 0.2924684769585688,
  "MSE": 0.20513803281583076,
  "RMSE": 0.45292166300126424,
  "R2": 0.9998713320275731
}