{
  "property": "homo",
  "paper_MAE": 0.0952,
  "MAE": 0.002909261159479921,
  "MSE": 1.530921452117365e-05,
  "RMSE": 0.003912699135018389,
  "R2": 0.9678995181303882
}