{
  "property": "G",
  "paper_MAE": 0.0562,
  "MAE": 0.32071975075430154,
  "MSE": 0.24063312903279538,
  "RMSE": 0.49054370756620186,
  "R2": 0.9998490739639837
}