{
  "property": "alpha",
  "paper_MAE": 0.3095,
  "MAE": 0.367640573094625,
  "MSE": 0.27825199483100826,
  "RMSE": 0.527495966649043,
  "R2": 0.9958071010939764
}