{
  "property": "Cv",
  "paper_MAE": 0.1223,
  "MAE": 0.126866856005802,
  "MSE": 0.030619122122914014,
  "RMSE": 0.17498320525957345,
  "R2": 0.9981365858604271
}