property,MAE,MSE,RMSE,R2,paper_MAE,delta_pct,prop
U0,0.5515376074876678,0.5367109268450545,0.7326055738561197,0.9996633644171512,0.0573,-862.5438176050048,U0
U,0.551490314533839,0.5366132959957894,0.7325389382113345,0.9996634220196908,0.0582,-847.5778600237783,U
H,0.5515441062089091,0.5367326660166483,0.7326204105924488,0.999663347147656,0.0575,-859.2071412328854,H
G,0.5515444713423199,0.5367063967312258,0.732602482067339,0.999663375657006,0.0562,-881.3958564809961,G
Cv,0.2048672340443346,0.0737997884191446,0.2716611647238977,0.9955087030684394,0.1223,-67.512047460617,Cv
homo,0.0037434238996102,2.415231375462228e-05,0.0049145003565593,0.9493572378441012,0.0952,96.06783203822458,homo
gap,0.0061327930408636,6.418273092211861e-05,0.0080114125422498,0.9711123037094964,0.1369,95.52023883063288,gap
mu,0.4396005169876903,0.3887705620749867,0.6235146847308303,0.810565671919874,0.523,15.946363864686367,mu
alpha,0.5370818825986631,0.5199368434877812,0.7210664626009042,0.9921652219471588,0.3095,-73.53211069423686,alpha
