{
  "property": "U0",
  "paper_MAE": 0.0573,
  "MAE": 0.19376396947064692,
  "MSE": 0.07008791901794671,
  "RMSE": 0.26474123029469115,
  "R2": 0.9999560394873868
}