property,paper_MAE,MAE,MSE,RMSE,R2,delta_pct,prop
U0,0.0573,0.3297649575808354,0.2834161679467891,0.5323684513067891,0.99982223584035,-475.5060341724876,U0
U,0.0582,0.4415373561734098,0.4849198140132546,0.6963618412960711,0.999695845531912,-658.6552511570616,U
H,0.0575,0.2924684769585688,0.2051380328158307,0.4529216630012642,0.9998713320275732,-408.64082949316315,H
G,0.0562,0.3207197507543015,0.2406331290327953,0.4905437075662018,0.9998490739639836,-470.67571308594563,G
Cv,0.1223,0.126866856005802,0.030619122122914,0.1749832052595734,0.9981365858604272,-3.7341422778430022,Cv
homo,0.0952,0.0029858678108448,1.7011742315247425e-05,0.0041245293446946,0.9643296444108328,96.86358423230588,homo
gap,0.1369,0.0046210341720303,4.047094479321159e-05,0.0063616778284672,0.981784627344781,96.62451850107355,gap
mu,0.523,0.4133896617811527,0.3364187241783782,0.5800161413084797,0.8360748956192519,20.95799965943543,mu
alpha,0.3095,0.367640573094625,0.2782519948310082,0.527495966649043,0.9958071010939764,-18.785322486147013,alpha
