property,paper_MAE,MAE,MSE,RMSE,R2,delta_pct,prop
U0,0.0573,0.1937639694706469,0.0700879190179467,0.2647412302946911,0.9999560394873868,-238.15701478297888,U0
U,0.0582,0.2289089780143697,0.0986134935858249,0.3140278547928908,0.9999381470217938,-293.3143952136937,U
H,0.0575,0.1679221304273147,0.0515674207811163,0.2270846115022246,0.99996765555668,-192.03848769967772,H
G,0.0562,0.1777624280035721,0.055928799475771,0.2364927049102595,0.9999649212390748,-216.30325267539519,G
Cv,0.1223,0.0798399418807372,0.013716816585552,0.1171188139692,0.9991652239449308,34.71795430847327,Cv
homo,0.0952,0.0017200920011716,7.658373667294401e-06,0.0027673766760768,0.9839418616338752,98.19318067103823,homo
gap,0.1369,0.0026952823257394,1.755115635698046e-05,0.0041894100249295,0.9921004845524132,98.03120356045333,gap
mu,0.523,0.1961866871412089,0.123005648218929,0.3507216107098748,0.9400636401170758,62.48820513552411,mu
alpha,0.3095,0.184967352077662,0.07984052484139,0.2825606569241197,0.9987969062019946,40.23671984566656,alpha
