{
  "property": "U",
  "paper_MAE": 0.0582,
  "MAE": 0.22890897801436974,
  "MSE": 0.09861349358582493,
  "RMSE": 0.3140278547928908,
  "R2": 0.9999381470217938
}