{
  "property": "alpha",
  "paper_MAE": 0.3095,
  "MAE": 0.31405864936390826,
  "MSE": 0.18643814051419505,
  "RMSE": 0.43178483126922723,
  "R2": 0.9971906175340169
}