{
  "property": "G",
  "paper_MAE": 0.0562,
  "MAE": 0.17776242800357214,
  "MSE": 0.05592879947577109,
  "RMSE": 0.23649270491025953,
  "R2": 0.9999649212390748
}