{
  "property": "G",
  "paper_MAE": 0.0562,
  "MAE": 0.1319735589466536,
  "MSE": 0.05349593654562955,
  "RMSE": 0.23129188603500458,
  "R2": 0.9999664471401828
}