{
  "property": "mu",
  "paper_MAE": 0.523,
  "MAE": 0.4133896617811527,
  "MSE": 0.33641872417837826,
  "RMSE": 0.5800161413084797,
  "R2": 0.8360748956192519
}